Historias_vinetas_9,1,129
Historias_vinetas_3,130,672
Historias_vinetas_12,673,751
Historias_vinetas_15,752,920
Historias_vinetas_2,921,1041
Historias_vinetas_22,1042,1306
Historias_vinetas_24,1307,1517
Historias_vinetas_20,1518,1584
Historias_vinetas_27,1585,1670
Historias_vinetas_5,1671,1754
Historias_vinetas_14,1755,1844
Historias_vinetas_37,1845,1912
Historias_vinetas_11,1913,1968
Historias_vinetas_30,1969,2114
Historias_vinetas_17,2115,2202
Historias_vinetas_13,2203,2293
Historias_vinetas_43,2294,2403
Historias_vinetas_23,2404,2677
Historias_vinetas_25,2678,2716
Historias_vinetas_21,2717,2857
Historias_vinetas_19,2858,2934
Historias_vinetas_4,2935,3022
Historias_vinetas_29,3023,3099
Historias_vinetas_8,3100,3199
Historias_vinetas_42,3200,3309 
Historias_vinetas_18,3310,3450
Historias_vinetas_6,3451,3684


